theme,start,end
IPod,1,221
2008_Sichuan_earthquake,222,413
Wayback_Machine,414,494
Canadian_Armed_Forces,495,627
Cardinal_(Catholicism),628,737
Human_Development_Index,738,794
Heresy,795,862
Warsaw_Pact,863,908
Materialism,909,976
Pub,977,1078
Web_browser,1079,1144
Catalan_language,1145,1254
Paper,1255,1371
Adult_contemporary_music,1372,1444
Nanjing,1445,1650
Dialect,1651,1901
Southampton,1902,2219
The_Times,2220,2360
Immunology,2361,2421
Imamah_(Shia_doctrine),2422,2469
Grape,2470,2504
United_States_dollar,2505,2739
Everton_F.C.,2740,2897
Hard_rock,2898,3075
Great_Plains,3076,3151
Biodiversity,3152,3345
Federal_Bureau_of_Investigation,3346,3649
Mary_(mother_of_Jesus),3650,3896
Unknown,3897,3907
DevRev,3908,3917
